"Issue Name","Issue Type","Issue Priority","URLs","% of Total","Description","How To Fix","Help URL"
"Hreflang: Not Using Canonical","Issue","High","215","95.980","URLs not using the canonical URL on the page in its own hreflang annotation. Hreflang should only include canonical versions of URLs.","Update hreflang annotations to include canonical versions of URLs only. They should not include links which are canonicalised to other URLs.",""
"Response Codes: Internal Redirection (3xx)","Warning","Low","1","0.200","Internal URLs which redirect to another URL. These will include server-side redirects, such as 301 or 302 redirects (and more). View URLs that link to redirects using the lower 'inlinks' tab and export them in bulk via 'Bulk Export > Response Codes > Internal > Redirection (3xx) inlinks'.","Ideally all internal links would be to canonical resolving URLs, and avoid linking to URLs that redirect. This reduces latency of redirect hops for users, and enhanced efficiency for search engines.",""
"Hreflang: Noindex Return Links","Issue","High","9","4.020","URLs with return links which have a 'noindex' meta tag. All pages within a set should be indexable, and hence any return URLs with 'noindex' may result in the hreflang relationship being ignored. The noindex return links URLs can be seen in the lower window 'URL Details' pane with a 'noindex' confirmation status. They can be exported in bulk via the 'Reports > Hreflang > Noindex Return Links' export.","Update hreflang annotations to include indexable URLs only. They should not include links which are 'noindex'.",""
"Hreflang: Multiple Entries","Issue","High","215","95.980","URLs with multiple entries to a language or regional code. For example, if page X links to page Y and Z using the same ‘en’ hreflang value annotation. This filter will also pick up multiple implementations, for example, if hreflang annotations were discovered as link elements and via HTTP header. While multiple implementations are permitted by Google, there’s no benefit and it can increase the likelihood of implementation error.","Update hreflang annotations to only use a language and region pair once, so they can be used for geotargeting the right audiences appropriately.",""
"Security: Missing X-Content-Type-Options Header","Warning","Low","289","99.660","URLs that are missing the 'X-Content-Type-Options' response header with a 'nosniff' value. In the absence of a MIME type, browsers may 'sniff' to guess the content type to interpret it correctly for users. However, this can be exploited by attackers who can try and load malicious code, such as JavaScript via an image they have compromised.","To minimise security issues, the X-Content-Type-Options response header should be supplied and set to 'nosniff'. This instructs browsers to rely only on the Content-Type header and block anything that does not match accurately. This also means the content-type set needs to be accurate.",""
"Directives: Noindex","Warning","High","9","3.110","URLs containing a 'noindex' directive in either a robots meta tag or X-Robots-Tag in the HTTP header. This instructs the search engines not to index the page. The page will still be crawled (to see the directive), but it will then be dropped from the index.","URLs with a 'noindex' should be reviewed carefully to ensure they are correct and shouldn't be indexed. If these pages should be indexed, then the 'noindex' directive should be removed.",""
"Security: Missing Content-Security-Policy Header","Warning","Low","244","84.140","URLs that are missing the Content-Security-Policy response header. This header allows a website to control which resources are loaded for a page. This policy can help guard against cross-site scripting (XSS) attacks that exploit the browser's trust of the content received from the server. The SEO Spider only checks for existence of the header, and does not interrogate the policies found within the header to determine whether they are well set-up for the website. This should be performed manually.","Set a strict Content-Security-Policy response header across all page to help mitigate cross site scripting (XSS) and data injection attacks.",""
"Images: Missing Size Attributes","Opportunity","Low","223","99.550","Image elements without dimensions (width and height size attributes) specified in the HTML. This can cause large layout shifts as the page loads and be frustrating experience for users. It is one of the major reasons that contributes to a high Cumulative Layout Shift (CLS).","Define all image sizes as their native size using width and height attributes in the HTML. This allows the browser to calculate enough space for each image before it loads, avoiding large layout shifts.",""
"Security: Missing X-Frame-Options Header","Warning","Low","289","99.660","URLs missing an X-Frame-Options response header with a 'DENY' or 'SAMEORIGIN' value. This instructs the browser not to render a page within a frame, iframe, embed or object. This helps avoid 'clickjacking' attacks, where your content is displayed on another web page that is controlled by an attacker.","To minimise security issues, the X-Frame-Options response header should be supplied with a 'DENY' or 'SAMEORIGIN' value.",""
"Images: Over 100 KB","Opportunity","Medium","188","83.930","Large images over a size threshold. Page speed is extremely important for users and SEO and often large resources such as images are one of the most common issues that slow down web pages. This filter simply acts as a general rule of thumb to help identify images that are fairly large in file size and may take longer to load. These should be considered for optimisation, alongside opportunities identified in the PageSpeed tab which uses the PSI API and Lighthouse to audit speed. This can help identify images that haven't been optimised in size, load offscreen, are unoptimised etc.","Uncompressed images bloat pages with unnecessary bytes, so ensure images are optimised with compression, properly scaled, and using the best image format to reduce file size where possible.",""
"Security: Missing Secure Referrer-Policy Header","Warning","Low","289","99.660","URLs missing 'no-referrer-when-downgrade', 'strict-origin-when-cross-origin', 'no-referrer' or 'strict-origin' policies in the Referrer-Policy header. When using HTTPS, it's important that the URLs do not leak in non-HTTPS requests. This can expose users to 'man in the middle' attacks, as anyone on the network can view them.","Consider setting a referrer policy of strict-origin-when-cross-origin. It retains much of the referrer's usefulness, while mitigating the risk of leaking data cross-origins.",""
"Canonicals: Canonicalised","Warning","High","215","95.980","Pages that have a canonical to a different URL. The URL is 'canonicalised' to another location. This means the search engines are being instructed to not index the page, and the indexing and linking properties should be consolidated to the URL in the canonical.","These URLs should be reviewed carefully to ensure the indexing and link signals are being consolidated to the correct URL. In a perfect world, a website wouldn't need to canonicalise any URLs as only canonical versions would be linked to internally on a website, but often they are required due to various circumstances outside of control, and to prevent duplicate content. Update internal links to canonical versions of URLs where possible.",""
"Hreflang: Non-200 hreflang URLs","Issue","High","3","1.340","URLs contained within rel=""alternate"" hreflang annotations that do not have a 200 response code, such as URLs blocked by robots.txt, no responses, 3XX (redirects), 4XX (client errors) or 5XX (server errors). Hreflang URLs must be crawlable and indexable and therefore non-200 URLs are treated as errors, and ignored by the search engines. The non-200 hreflang URLs can be seen in the lower window 'URL Details' pane with a 'non-200' confirmation status. They can be exported in bulk via the 'Reports > Hreflang > Non-200 Hreflang URLs' export.","Ensure URLs within hreflang annotations are to the correct canonical and indexable pages. If Google can't see pages pointing to each other due to a non-200 response, the tags will be ignored.",""
"Hreflang: Missing Return Links","Issue","High","51","22.770","URLs with missing return links (or 'return tags' in Google Search Console) to them, from their alternate pages. Hreflang is reciprocal, so all alternate versions must confirm the relationship. When page X links to page Y using hreflang to specify it as its alternate page, page Y must have a return link. No return links means the hreflang annotations may be ignored or not interpreted correctly. The missing return links URLs can be seen in the lower window 'URL Details' pane with a 'missing' confirmation status. They can be exported in bulk via the 'Reports > Hreflang > Missing Return Links' export.","Ensure alternate pages include hreflang annotations to URLs which are missing return links. This will confirm they are a 'set' of alternate pages.",""
